cyber18txzlmkqf264a2awhey6lmeq0dtv5ex6p4ej0e,12195847567.956211
cyber1jst67u54vquzvun3dawpmpwyx5ar8maye9909r,236715802.1209562
cyber1lnkg57t7mvg5mcl7kdkevtgr9wlf6f9q0e5p8t,65622727151.627754
cyber12q68xfj4r00nxnjrqk742rf0z2w6jmwaaejh5j,23161344374.776894
cyber152kqs8p7d3jy6kn4uk87ve3alkuqjgew0ftqml,16438490279.454502
cyber1dl5df5g2xwj02e93k547etw2ergvc3a2t58zpl,60734481522.9317
cyber1jx0az02ccnt4mgj2r9vhvycsdjsztrrgfwae5v,5515010079.958256
cyber18wn5kyxewwk6qh97493xtj9gufpmqserd9yrxr,15762784669.600094
cyber1hvk6s053m6qdlz9kwllgldwf4qp2c3mrm0ktaa,38376992724.4626
cyber1hmkqhy8ygl6tnl5g8tc503rwrmmrkjcq4878e0,192787351890.51752
cyber1dt9lwmuq8rkngm5gajxchqhpcnavgp7mfal7ac,9923719950.64628
cyber18z9vsjffvggluxcxfqwsmrz02v37hx2e490lyh,75695155971.34361
cyber1kr6udadsvdjymq6m75un4khg27t25st2kt5t24,142136512890.38412
cyber1kfqv2fzzu6dgwnf6snql2jslwdws07flws32fp,23362806353.097157
cyber1dn09uyhwmv3ratntc7c603vczgrec32cw3hyk0,31588869812.703056
cyber1k60sfzh3ecyqfv36f7zav0089077e4zk3sfq3q,6138601665.101333
cyber18t3kx877vyvstcvn50cgn5w6hppe8ce09cd3vh,24233866302.785427
cyber1lljcf37yxh24l3v4kwqsyghwz4ywlg6u8sxduy,15217040979.851316
cyber1en69twaxmv7xupy8lq7y539dpecx7yz8vh9u7k,45928687796.938896
cyber1v5jqg6k7mszmchhz8kyfml5h4e2txct9k6zxvg,48893802783.41712
cyber13q0m4hw6pmajqdqn4g464vzmst78sf55jns6cf,2698248565.0330143
cyber1d7n8znqg635yxnzlsycnt6kut8z5du5ydn0s55,14319627479.960281
cyber12kd8w45rqxuwpwqvpmdyvvdey9ezeqhagdqgsf,34245553574.768032
cyber12psudf4rpaw4jwhuyx3y8sejhsynae7ggvzvy8,160793025727.01978
cyber1d552nfgekkugdgxw3zl242qpxapl67jfj6dpuu,28165854878.728676
cyber178q202gz0093uke0jy96psyya452rt8a98xv2d,169582578785.67804
cyber1qezgmksavgdvcvf9ckhazfy3jfw8whhzdmlsgl,28719302142.895164
cyber16zms8r32vad3z8hl2vc6wrcnanwmxf0dv0e0nu,87846096496.30501
cyber1mmtt0cnsgwx3t90vs4tn9k08kw8xn4v39smjtr,8757267689.692312
cyber1463la66ac89tmlwgvx20c4d2jv84ekzsrw3vsr,17468451014.147377
cyber1ymprf45c44rp9k0g2r84w2tjhsq7kalvplsnkk,105989391204.14688
cyber1dxpm2ne0jflzr2hy9j5has6u2dvfv68ce80ghe,97050400380.05528
cyber16ge9uqpqf78jdt0uz58ycalhtg59w77qlac96h,18583820460.548508
cyber1ldjugf3uj2gwkmmsf5japfknf96zv6hw67a9mg,53366179411.63256
cyber1zhy7l8phhpsm2c6xl9c5arcu0z90clynmyacef,24019337859.401558
cyber16qu2ymnzzjn05xc6yszjy50caaahcahdgr2ary,1780189857.976398
cyber1t0hmc79ht0qja92p6qgxn3ee3a3rzqutgxcvhw,28620495547.5624
cyber1rqudjcrdwqedffxufmqgsleuguhm7pkayhwy0y,35754688826.61355
cyber15zs0cjct43xs4z4sesxcrynar5mxm82ftu9vgv,49163170003.97372
cyber1kgq82m6z2jttytv7fvwy2rklhq5k03gcw0ktw0,39846215119.90382
cyber1mnrwpdlnglhtqwa55fa66va0j3fv72nvj6xzam,25047996737.693108
cyber1y9zkl7uqjev899swng4eqfuurwaxpchw9e24n9,22126311601.11066
cyber16s7gwc944patdynnfnvac0jh5u76wsnfmnh2fr,101495122.04538009
cyber164k2s2s2td6a30d3rvnv93scy3v29psw32zg6x,16596998685.494879
cyber10vpygn9ftv85ra7j7qpewuq5jdgvpjmen87tc4,26572017616.94343
cyber1kpep8dl93ud4wgpws3tcew6as2s36c9v4qr4sc,19052046801.914757
cyber1gnnd2eaeqpp6lsd34tnp6j0m85h6r9qgtky2m7,35407301138.835556
cyber18jwk949jqgq3j2du2dgscqxqkkqw5rsjdy0r7v,80436297522.70038
cyber1ggc9sqvj0uhnzwxu5dyzcr05shwd2vv2vynq2d,24183283991.491604
cyber1zl0t5703q42qx7drxsgl9thjwlul5x6uh2y4lw,3584146278.19395
cyber1g0ap9fvex93yzzj69uzl74942vjvq8e4dl4sn7,88842982025.5418
cyber1svm5wl5jf4p7dwemj7wh0p4egr3js6rq08qz7p,75799392478.8267
cyber1jgh7ghrcr47tuahawzvg3svv2hxkxfx5cave5h,9608471414.420097
cyber13ume6mqte5h9ngx2hh6ngc8aham7x0k65n0hpx,54635910315.14766
cyber177y7sqkxmvl22j632haf8y9gv0j3weds5c8qrj,70849575942.22726
cyber1mryr27k3h8kqr5ahj82v0ym2xexdewfcpmggl6,8245419049.8883095
cyber16lf2hvzy4n4gvtx37pgkkdw2e2psfjjd9pp0xu,49637842328.853386
cyber1rya5547x4lrwc2npd63s89ny2dvhamv9f3473c,11259490661.532368
cyber13fwhvawke6867s6raqux25fd24t89j5hrk63mj,79553868780.99237
cyber1w8ap0ns4d5fagjfwvph6t99uet0cwv6y7mu2tw,35494144032.80925
cyber1r90j4656xsug2hkj57a3knqcs9huh3earlhdqu,4541407277.273353
cyber12xsg4qm4k5z48s79zdsz84jlhv56kmta45hjmz,97702894600.3472
